,0,1,2
0,74.54752686625311,0.44142550093756255,Iris-setosa
1,73.54914342463479,0.3093420596757322,Iris-setosa
2,72.55712047069034,0.084527598697053,Iris-setosa
3,71.55179061365598,0.16035334716958075,Iris-setosa
4,70.55276306164434,0.2276364549235599,Iris-setosa
5,69.53544788952475,0.6825325511498159,Iris-setosa
6,68.55758991714634,-0.020690036277246377,Iris-setosa
7,67.55099130133567,0.19072853541816706,Iris-setosa
8,66.56165465288089,-0.2213217015285366,Iris-setosa
9,65.55448363202555,0.03653101733286236,Iris-setosa
10,64.54932355541199,0.26181805790069607,Iris-setosa
11,63.553612896585854,0.011242863522365401,Iris-setosa
12,62.56164171368805,-0.2157820284273027,Iris-setosa
13,61.5800900971151,-0.750369097296808,Iris-setosa
14,60.55927531458179,0.045483120384473975,Iris-setosa
15,59.549185706106826,0.2517174204358928,Iris-setosa
16,58.559335421148624,-0.09427195977662746,Iris-setosa
17,57.56071049376083,-0.22288429128394055,Iris-setosa
18,56.543823257806864,0.27520906897958297,Iris-setosa
19,55.56005372640392,-0.2265738130758038,Iris-setosa
20,54.54965045451916,0.023645694650058703,Iris-setosa
21,53.55981416455012,-0.2786694044840884,Iris-setosa
22,52.58819273115858,-1.0318984827370852,Iris-setosa
23,51.55121716576982,-0.16179401680358665,Iris-setosa
24,50.55415146193949,-0.27133335575407785,Iris-setosa
25,49.56145267445544,-0.4538960229881956,Iris-setosa
26,48.56074836180388,-0.44493932692743404,Iris-setosa
27,47.56602510738058,-0.5261922930164611,Iris-setosa
28,46.570080546169635,-0.6476441485345904,Iris-setosa
29,45.569817106491094,-0.7680492998545834,Iris-setosa
30,44.56892307911672,-0.7578319250102925,Iris-setosa
31,43.56321111765057,-0.5330176195888113,Iris-setosa
32,42.57432713101308,-0.7665929777661868,Iris-setosa
33,41.57349886967452,-0.7149117528145111,Iris-setosa
34,40.57619447210969,-0.9813273385156975,Iris-setosa
35,39.58526514309797,-1.1929845742888627,Iris-setosa
36,38.57691106380415,-0.9087971529760287,Iris-setosa
37,37.57879977291979,-1.1034703412175249,Iris-setosa
38,36.5916880367896,-1.5264876244391603,Iris-setosa
39,35.577415400976655,-1.0626976382938385,Iris-setosa
40,34.585633932801656,-1.2909832090270354,Iris-setosa
41,33.588571021006274,-1.5608699044827403,Iris-setosa
42,32.59595514182511,-1.6923433359830955,Iris-setosa
43,31.57274893087309,-1.0829144166975024,Iris-setosa
44,30.565850060751735,-0.887651444815769,Iris-setosa
45,29.587140535100076,-1.5036872786363669,Iris-setosa
46,28.581497486947615,-1.2714580185594968,Iris-setosa
47,27.593982068011808,-1.7148132550162367,Iris-setosa
48,26.583689808006604,-1.3347591647632662,Iris-setosa
49,25.59065251786271,-1.6000110236915999,Iris-setosa
50,24.426590041435304,2.3972423253406587,Iris-versicolor
51,23.441240766282842,1.9232933330407893,Iris-versicolor
52,22.420548874254795,2.460187629334762,Iris-versicolor
53,21.47277738667333,0.9436133318899083,Iris-versicolor
54,20.43730985968542,1.938816309917713,Iris-versicolor
55,19.455847676618234,1.3647373133912588,Iris-versicolor
56,18.438598270534488,1.8610972597248998,Iris-versicolor
57,17.51466752512358,-0.176496952379288,Iris-versicolor
58,16.442973991242226,1.7682245279409765,Iris-versicolor
59,15.485676003284953,0.49063019311471806,Iris-versicolor
60,14.50715292802945,-0.0787372669140946,Iris-versicolor
61,13.466711681518134,1.0252756306739679,Iris-versicolor
62,12.478106956707572,0.7423444506927117,Iris-versicolor
63,11.4489816033464,1.4275608462442968,Iris-versicolor
64,10.497679254496612,0.20724621891311884,Iris-versicolor
65,9.454068258665023,1.3930188080483448,Iris-versicolor
66,8.464400105044987,0.9201165199466107,Iris-versicolor
67,7.483580412116251,0.5146485080425534,Iris-versicolor
68,6.4547688357632325,1.1472764805562936,Iris-versicolor
69,5.492843097278254,0.20071364321351085,Iris-versicolor
70,4.449079580341697,1.2327701687564891,Iris-versicolor
71,3.482197964088757,0.49985450980343704,Iris-versicolor
72,2.4437320884562372,1.3583009378355047,Iris-versicolor
73,1.460428741568066,0.9662489116979207,Iris-versicolor
74,0.47035155171962323,0.7712200108847885,Iris-versicolor
75,-0.5362783149456338,0.9379421312388523,Iris-versicolor
76,-1.553269565284569,1.3280380495144544,Iris-versicolor
77,-2.562148597634397,1.482867905341287,Iris-versicolor
78,-3.5310384796925023,0.6307737835399887,Iris-versicolor
79,-4.483527151307438,-0.5152770887644396,Iris-versicolor
80,-5.493051352232329,-0.3773140764181931,Iris-versicolor
81,-6.487019484382742,-0.528099008995922,Iris-versicolor
82,-7.499385190338883,-0.2048721431320863,Iris-versicolor
83,-8.550571569027476,0.9514546282635755,Iris-versicolor
84,-9.517236538761003,0.08839346018734583,Iris-versicolor
85,-10.52455576166333,0.3661113971374958,Iris-versicolor
86,-11.540025450903931,0.8125618046558799,Iris-versicolor
87,-12.522956838132767,0.2837329764821521,Iris-versicolor
88,-13.499000106195112,-0.3602134470642348,Iris-versicolor
89,-14.495165632983454,-0.5251010751401836,Iris-versicolor
90,-15.50665553230637,-0.2662016520806482,Iris-versicolor
91,-16.52272187995163,0.20382359180155712,Iris-versicolor
92,-17.494681230112953,-0.5282795895791581,Iris-versicolor
93,-18.45583132613299,-1.5912812757229808,Iris-versicolor
94,-19.4985632510047,-0.5177651819673712,Iris-versicolor
95,-20.49629079338545,-0.541378446094928,Iris-versicolor
96,-21.497398788842627,-0.5527597032692703,Iris-versicolor
97,-22.506942924069538,-0.26407472004418875,Iris-versicolor
98,-23.442890235420222,-1.9672950357359977,Iris-versicolor
99,-24.49160648284685,-0.7556402272552845,Iris-versicolor
100,-25.58399632112024,1.3892487728785932,Iris-virginica
101,-26.536947444082013,0.20323323777086258,Iris-virginica
102,-27.584473049685524,1.5142055729058255,Iris-virginica
103,-28.557584793320807,0.7493184567513969,Iris-virginica
104,-29.572537581731318,1.0817789549602823,Iris-virginica
105,-30.613782460685933,2.214882139192638,Iris-virginica
106,-31.49644503520755,-0.9913207857986933,Iris-virginica
107,-32.59285464905141,1.6564432976750227,Iris-virginica
108,-33.56745985020834,0.9139470390711587,Iris-virginica
109,-34.59086603425399,1.5454516074164915,Iris-virginica
110,-35.5382882885131,0.2031698353195419,Iris-virginica
111,-36.54362514304204,0.2571584432528835,Iris-virginica
112,-37.5573566246649,0.6298178308908707,Iris-virginica
113,-38.523949889049774,-0.38617573903518315,Iris-virginica
114,-39.53315984067482,-0.18838284579688389,Iris-virginica
115,-40.54448695707152,0.1981407288187702,Iris-virginica
116,-41.54504633200275,0.23516125936609594,Iris-virginica
117,-42.606716984870275,1.873819750070606,Iris-virginica
118,-43.619355899742146,2.0434029704177123,Iris-virginica
119,-44.51612795161522,-0.6168360659817237,Iris-virginica
120,-45.56130842937509,0.570678500872891,Iris-virginica
121,-46.510862898126355,-0.8480572051813912,Iris-virginica
122,-47.60318218246467,1.6295721724306864,Iris-virginica
123,-48.515923658398606,-0.6376268134371708,Iris-virginica
124,-49.55154697081813,0.2517891535737017,Iris-virginica
125,-50.56391594110093,0.6229450720128525,Iris-virginica
126,-51.50797220611406,-0.8929382338055014,Iris-virginica
127,-52.50852831671864,-0.9038467558334904,Iris-virginica
128,-53.542375645462954,-0.13410652075237695,Iris-virginica
129,-54.55090870881707,0.24294491299767493,Iris-virginica
130,-55.569055499907854,0.6343057919515599,Iris-virginica
131,-56.58337990676743,1.1003062090678717,Iris-virginica
132,-57.54048165479901,-0.269129967932629,Iris-virginica
133,-58.50927078679879,-0.9652975951706921,Iris-virginica
134,-59.522802881218055,-0.718528945158941,Iris-virginica
135,-60.57433626326718,0.6873688705182052,Iris-virginica
136,-61.53642152035171,-0.4347471709560114,Iris-virginica
137,-62.52504676535433,-0.670771468624928,Iris-virginica
138,-63.494026080918196,-1.4833736627692777,Iris-virginica
139,-64.53129431723302,-0.5037725675437745,Iris-virginica
140,-65.53960094453818,-0.395376858882929,Iris-virginica
141,-66.5219658660352,-0.7762435822654334,Iris-virginica
142,-67.50134166634402,-1.4660544658207755,Iris-virginica
143,-68.54713606182438,-0.2507102911053967,Iris-virginica
144,-69.54049727374888,-0.4511619720830763,Iris-virginica
145,-70.51974095609604,-0.9542300668571528,Iris-virginica
146,-71.50190649038946,-1.4609875278658944,Iris-virginica
147,-72.51053330630732,-1.2180254481398913,Iris-virginica
148,-73.51588741670169,-1.1650590104695264,Iris-virginica
149,-74.49385860710457,-1.7339537353519865,Iris-virginica
